model,target,variogram_model,fold,test_blocks,n_train_available,n_train_used,n_test,n_closest_points,status,error,mae,rmse,r2,mape,bias,explained_variance
OrdinaryKriging,pH,spherical,1,Pampady,3052,1200,1856,48,success,,0.7753558971861416,0.9394061071575042,-0.6039560686804719,12.918816480544844,-0.5671111034810967,-0.019405602169142888
OrdinaryKriging,pH,spherical,2,Vazhoor,3857,1200,1051,48,success,,0.6703563558322586,0.8227346405628831,-0.13987458664983343,12.939910208784994,0.25442790906190443,-0.03086442032488379
OrdinaryKriging,pH,spherical,3,Chelannur,3906,1200,1002,48,success,,0.5100132585373597,0.6494446226553959,-0.10349296898199944,8.902058312469606,0.19888991542619353,3.3306690738754696e-16
OrdinaryKriging,pH,spherical,4,Nedumangad,3909,1200,999,48,success,,1.1229543204508827,1.2694814031838173,-1.89201627692954,16.79323173916752,-1.026786589589047,-7.164600168296786e-05
OrdinaryKriging,pH,exponential,1,Pampady,3052,1200,1856,48,success,,0.8667933365455894,1.0352840504210943,-0.9480708922164884,14.450241217185303,-0.671669982166975,-0.1281015976457991
OrdinaryKriging,pH,exponential,2,Vazhoor,3857,1200,1051,48,success,,0.670647990035247,0.8230575437283447,-0.1407695078629616,12.947302049918235,0.25546040949047216,-0.030872792408539906
OrdinaryKriging,pH,exponential,3,Chelannur,3906,1200,1002,48,success,,0.4811610863456987,0.6185584157680049,-0.0010292321895539747,8.18833268291933,0.01983417005694127,5.806821690157449e-11
OrdinaryKriging,pH,exponential,4,Nedumangad,3909,1200,999,48,success,,1.1202560835644622,1.2666875841943368,-1.879301038769404,16.75380284483506,-1.0232746481164172,-0.00027639703211557176
OrdinaryKriging,pH,gaussian,1,Pampady,3052,1200,1856,48,success,,0.6494882494984356,0.799476672367159,-0.16170886342856416,11.26080675227395,-0.24826755348230267,-0.04968110668176928
OrdinaryKriging,pH,gaussian,2,Vazhoor,3857,1200,1051,48,success,,0.6694295371384259,0.8216276365159891,-0.13680920736405433,12.919309280886552,0.2525080059327544,-0.029438006803684358
OrdinaryKriging,pH,gaussian,3,Chelannur,3906,1200,1002,48,success,,18.37849545317013,18.388891109622755,-883.7007636285695,306.46896433178523,-18.37849545317013,1.8367840581845485e-10
OrdinaryKriging,pH,gaussian,4,Nedumangad,3909,1200,999,48,success,,1.1130457259701827,1.2585586051138382,-1.842463739966555,16.653119235287516,-1.013356393503494,0.00031193281298880216
OrdinaryKriging,pH,linear,1,Pampady,3052,1200,1856,48,success,,0.65479166667913,0.8057637900115533,-0.1800521603383185,11.282543209958531,-0.28264682116861123,-0.03484971794910696
OrdinaryKriging,pH,linear,2,Vazhoor,3857,1200,1051,48,success,,0.6729997224883526,0.8255832685868292,-0.14778163190357985,13.004620586972699,0.26286770536941007,-0.03141941872121312
OrdinaryKriging,pH,linear,3,Chelannur,3906,1200,1002,48,success,,0.5229429093468612,0.6642987005252511,-0.15454835192952587,9.172327415550233,0.2430901736072068,5.543498655191659e-05
OrdinaryKriging,pH,linear,4,Nedumangad,3909,1200,999,48,success,,1.1143524078331906,1.2599307326153146,-1.8486650384007555,16.671798060109346,-1.0150812517587102,0.0003892387780496387
OrdinaryKriging,EC,spherical,1,Pampady,3052,1200,1856,48,success,,0.1335396161302614,0.24208823845129568,-0.04986320995534643,87.37331713870576,0.03589341907987957,-0.026784315777034662
OrdinaryKriging,EC,spherical,2,Vazhoor,3857,1200,1051,48,success,,0.15760968777263004,0.2716083949329484,-0.09387443764876924,77.49580446015631,-0.08015360858918423,0.0013892204624952331
OrdinaryKriging,EC,spherical,3,Chelannur,3906,1200,1002,48,success,,0.12854102033546227,0.24304417765190986,-0.0019065034470933107,102.1665808456305,0.010602063991774432,1.1102230246251565e-16
OrdinaryKriging,EC,spherical,4,Nedumangad,3909,1200,999,48,success,,0.13478010195885579,0.19497456500646115,-0.13882931228002726,85.93544059695505,0.023357540265694834,-0.12248536588931525
OrdinaryKriging,EC,exponential,1,Pampady,3052,1200,1856,48,success,,0.1489878309425505,0.2619872641302409,-0.22954858927443067,91.76932724555117,0.04006562877058308,-0.2007925371612469
OrdinaryKriging,EC,exponential,2,Vazhoor,3857,1200,1051,48,success,,0.15755893797693063,0.27179001711411077,-0.0953378554964317,77.13107309579236,-0.08083631866173116,0.0015555343028361701
OrdinaryKriging,EC,exponential,3,Chelannur,3906,1200,1002,48,success,,0.12855110641242012,0.24304561120814627,-0.0019183226444596801,102.18475635613777,0.010634876488890574,-2.220446049250313e-16
OrdinaryKriging,EC,exponential,4,Nedumangad,3909,1200,999,48,success,,0.131517976309643,0.18754438161110915,-0.05368508641267411,87.28595750494694,0.03756360527193857,-0.011414599239258916
OrdinaryKriging,EC,gaussian,1,Pampady,3052,1200,1856,48,success,,0.13198143156971812,0.24069576162195044,-0.03782044576413646,86.6941558186242,0.034551229099234526,-0.016435293884460744
OrdinaryKriging,EC,gaussian,2,Vazhoor,3857,1200,1051,48,success,,0.15769241539690365,0.2718815117875999,-0.09607544291044978,77.28939524741104,-0.08072217417767699,0.0005445045136035498
OrdinaryKriging,EC,gaussian,3,Chelannur,3906,1200,1002,48,success,,0.12602474651987453,0.24281966474366135,-5.6329128471421797e-05,97.38050364238747,0.0018223766396218899,1.1102230246251565e-16
OrdinaryKriging,EC,gaussian,4,Nedumangad,3909,1200,999,48,success,,0.13070717184557892,0.1895044256294351,-0.0758244999671267,84.49284054432403,0.026273800802361157,-0.05514459576479647
OrdinaryKriging,EC,linear,1,Pampady,3052,1200,1856,48,success,,0.13194565038481032,0.24062578754857195,-0.03721711176633313,86.71235886831876,0.03458771051054462,-0.01578677640613635
OrdinaryKriging,EC,linear,2,Vazhoor,3857,1200,1051,48,success,,0.157648057965643,0.2718123234275397,-0.09551765571428783,77.33959056622018,-0.08052030508939849,0.0006196438505250423
OrdinaryKriging,EC,linear,3,Chelannur,3906,1200,1002,48,success,,0.1285352440081692,0.24304335804374588,-0.00189974607999166,102.1561727523054,0.01058327520918525,6.0141108759736994e-09
OrdinaryKriging,EC,linear,4,Nedumangad,3909,1200,999,48,success,,0.13151797630541995,0.18754438160923423,-0.053685086391606296,87.28595750006463,0.037563605259613844,-0.011414599245929358
OrdinaryKriging,P,spherical,1,Pampady,3052,1200,1856,48,success,,37.92761907699209,50.01981263436007,-0.07043220467035716,141.38846970601736,-4.008725769723706,-0.06355696659868015
OrdinaryKriging,P,spherical,2,Vazhoor,3857,1200,1051,48,success,,38.54519214185795,51.56221258919548,-0.1582233623603797,155.2512878076601,-13.574933582022064,-0.07794386265562991
OrdinaryKriging,P,spherical,3,Chelannur,3906,1200,1002,48,success,,19.382911197792506,27.939485336479166,-0.0024736192843903826,100.0412650744648,1.3878686140316152,-2.220446049250313e-16
OrdinaryKriging,P,spherical,4,Nedumangad,3909,1200,999,48,success,,44.81736319121468,53.20442359990274,-0.015789921949185493,169.32847786060344,6.223029830536028,-0.0018932060102920811
OrdinaryKriging,P,exponential,1,Pampady,3052,1200,1856,48,success,,37.761380022420596,50.30624081331303,-0.0827265247570228,139.20433652594707,-5.0303660074364025,-0.07190037037076746
OrdinaryKriging,P,exponential,2,Vazhoor,3857,1200,1051,48,success,,38.08412717430241,50.9449637649689,-0.13065926517013016,154.2958106510301,-12.980884986615381,-0.05725220451332147
OrdinaryKriging,P,exponential,3,Chelannur,3906,1200,1002,48,success,,19.244886906100003,27.92444995338825,-0.0013949652478111307,98.57207380239555,1.0349781140358125,-1.9345247947555322e-05
OrdinaryKriging,P,exponential,4,Nedumangad,3909,1200,999,48,success,,44.81736319121465,53.204423599902746,-0.015789921949185715,169.32847786060313,6.223029830535904,-0.0018932060102927473
OrdinaryKriging,P,gaussian,1,Pampady,3052,1200,1856,48,success,,38.00556368374645,50.09541304598048,-0.0736703723685872,141.69561143254472,-3.984574270543688,-0.06687772767988709
OrdinaryKriging,P,gaussian,2,Vazhoor,3857,1200,1051,48,success,,38.662940801196115,51.726675385670084,-0.1656236824161872,155.17748548904322,-13.760891401476995,-0.08312968181316194
OrdinaryKriging,P,gaussian,3,Chelannur,3906,1200,1002,48,success,,19.54870170108069,27.962956696226325,-0.004158639745631021,101.76923548331645,1.7992635436606044,-1.202429171787145e-06
OrdinaryKriging,P,gaussian,4,Nedumangad,3909,1200,999,48,success,,44.81736319115393,53.20442359988382,-0.01578992194846296,169.3284778600701,6.223029830346806,-0.0018932060104144277
OrdinaryKriging,P,linear,1,Pampady,3052,1200,1856,48,success,,37.89415323114193,49.858891754848266,-0.06355581715571734,141.93651282143313,-3.6719718955948264,-0.05778717309772552
OrdinaryKriging,P,linear,2,Vazhoor,3857,1200,1051,48,success,,38.685277634730724,51.74695756172547,-0.1665379503250286,155.35600521370824,-13.71971222111869,-0.08453693414454988
OrdinaryKriging,P,linear,3,Chelannur,3906,1200,1002,48,success,,18.45322717671852,27.925667584665568,-0.0014822977766018042,89.69217627715662,-1.1453230669906478,0.00020228425535351313
OrdinaryKriging,P,linear,4,Nedumangad,3909,1200,999,48,success,,44.8173631912149,53.2044235999028,-0.015789921949188157,169.32847786060543,6.223029830536739,-0.001893206010291193
OrdinaryKriging,K,spherical,1,Pampady,3052,1200,1856,48,success,,187.47202840170263,247.35255708704742,-0.9777740219130124,39.783515176511756,-174.3770605296038,0.005155919212144755
OrdinaryKriging,K,spherical,2,Vazhoor,3857,1200,1051,48,success,,198.43104339098355,227.503899703672,-0.5426462632580233,125.39386199491764,127.3051400312689,-0.0596091073652496
OrdinaryKriging,K,spherical,3,Chelannur,3906,1200,1002,48,success,,244.07766576638576,263.359604814278,-3.191445283123425,164.2366347559065,229.80578796259303,2.220446049250313e-16
OrdinaryKriging,K,spherical,4,Nedumangad,3909,1200,999,48,success,,119.64485419802043,159.01578028781302,0.003817081591523719,53.18239624989314,2.6910533315734932,0.004102382563205165
OrdinaryKriging,K,exponential,1,Pampady,3052,1200,1856,48,success,,187.47202840170263,247.35255708704736,-0.9777740219130118,39.783515176511756,-174.37706052960377,0.005155919212144755
OrdinaryKriging,K,exponential,2,Vazhoor,3857,1200,1051,48,success,,198.51972783780388,227.58434529044112,-0.5437374183965624,125.45654079607785,127.46605277780706,-0.059478380048996415
OrdinaryKriging,K,exponential,3,Chelannur,3906,1200,1002,48,success,,202.14537296041428,222.0619519690847,-1.9799829786110683,138.12539431614422,181.00809165751593,0.0
OrdinaryKriging,K,exponential,4,Nedumangad,3909,1200,999,48,success,,119.41820245425782,158.97803361893875,0.004289967033447195,52.90075978547246,1.4959105198750122,0.004378126686823802
OrdinaryKriging,K,gaussian,1,Pampady,3052,1200,1856,48,success,,187.47202840170263,247.3525570870474,-0.9777740219130122,39.783515176511756,-174.3770605296038,0.005155919212144755
OrdinaryKriging,K,gaussian,2,Vazhoor,3857,1200,1051,48,success,,201.62336757514535,230.58195893757005,-0.5846717274242565,127.78570870578747,132.51808154252817,-0.06126543351413116
OrdinaryKriging,K,gaussian,3,Chelannur,3906,1200,1002,48,success,,237.8159461869308,257.2174203096099,-2.998215826464848,160.41326260360697,222.74025241052888,2.220446049250313e-16
OrdinaryKriging,K,gaussian,4,Nedumangad,3909,1200,999,48,success,,119.3861025355691,158.99001596019005,0.004139865956532707,52.87107415432698,1.4502558881518577,0.00422272652646194
OrdinaryKriging,K,linear,1,Pampady,3052,1200,1856,48,success,,187.47202840170263,247.3525570870474,-0.9777740219130122,39.783515176511756,-174.3770605296038,0.005155919212144755
OrdinaryKriging,K,linear,2,Vazhoor,3857,1200,1051,48,success,,200.2454271184466,229.25033171913813,-0.5664213945731442,126.7492201650147,130.29665458513853,-0.06041594857266208
OrdinaryKriging,K,linear,3,Chelannur,3906,1200,1002,48,success,,247.21925784296585,266.43898677478603,-3.29003686574419,166.1468669979343,233.32866941776714,6.983831267848295e-06
OrdinaryKriging,K,linear,4,Nedumangad,3909,1200,999,48,success,,119.48179781692293,159.003114719352,0.003975766728943397,52.99715835598073,2.031421068096102,0.0041383435194845
OrdinaryKriging,Organic_Carbon,spherical,1,Pampady,3052,1200,1856,48,success,,0.8568878769602015,1.0700364472805377,-0.05548781438187067,124.85792259132742,0.21971496602665405,-0.010986241351435888
OrdinaryKriging,Organic_Carbon,spherical,2,Vazhoor,3857,1200,1051,48,success,,0.9260116099907642,1.1992337843722327,-0.07200687827487728,98.08688583822412,0.04119842651191681,-0.07074170176162431
OrdinaryKriging,Organic_Carbon,spherical,3,Chelannur,3906,1200,1002,48,success,,0.6865475465669507,0.879237416586747,-0.2168137160650625,241.4204108955649,0.3711397661879068,0.0
OrdinaryKriging,Organic_Carbon,spherical,4,Nedumangad,3909,1200,999,48,success,,1.0383771534697257,1.2268916749308576,-0.4411820284134973,181.33350448029722,0.6730834032818298,-0.007427359432023106
OrdinaryKriging,Organic_Carbon,exponential,1,Pampady,3052,1200,1856,48,success,,0.8581597177907627,1.0710628408252736,-0.0575136621220107,125.14301546139839,0.22373717543550964,-0.011367840357010106
OrdinaryKriging,Organic_Carbon,exponential,2,Vazhoor,3857,1200,1051,48,success,,0.9238116827024035,1.1901380306032008,-0.05580697976222604,101.64688154929304,0.10919012686945283,-0.046919950635912144
OrdinaryKriging,Organic_Carbon,exponential,3,Chelannur,3906,1200,1002,48,success,,0.688739991434768,0.8811391940572026,-0.22208330891643469,242.14660476914594,0.3756232523899446,4.047013987262815e-07
OrdinaryKriging,Organic_Carbon,exponential,4,Nedumangad,3909,1200,999,48,success,,0.9340053726984405,1.1352625307504787,-0.23395410518017856,163.11965642272594,0.4912001723431951,-0.0029480202969176528
OrdinaryKriging,Organic_Carbon,gaussian,1,Pampady,3052,1200,1856,48,success,,0.8581896164593408,1.0713612051205508,-0.058102924029106884,125.00196561995787,0.22013877645214813,-0.013429506351149367
OrdinaryKriging,Organic_Carbon,gaussian,2,Vazhoor,3857,1200,1051,48,success,,0.9240697486516144,1.1902567798466601,-0.05601768227191917,101.6474565405954,0.10947815192682767,-0.047083706353657995
OrdinaryKriging,Organic_Carbon,gaussian,3,Chelannur,3906,1200,1002,48,success,,0.684512065948095,0.8774885369918427,-0.21197783399282577,240.7461826196684,0.3669774160244697,5.540012892879531e-14
OrdinaryKriging,Organic_Carbon,gaussian,4,Nedumangad,3909,1200,999,48,success,,0.9493823902780659,1.1483889880451894,-0.26265422836013985,165.97271502342858,0.5204306196689082,-0.0033365769546604973
OrdinaryKriging,Organic_Carbon,linear,1,Pampady,3052,1200,1856,48,success,,0.8588502444002577,1.071702492470862,-0.058777159122533895,125.26519807714092,0.22489996572387264,-0.012150439654591283
OrdinaryKriging,Organic_Carbon,linear,2,Vazhoor,3857,1200,1051,48,success,,0.9215220778689228,1.188748020253586,-0.05334218060987572,101.56002413753595,0.10547771265216085,-0.04504918818102799
OrdinaryKriging,Organic_Carbon,linear,3,Chelannur,3906,1200,1002,48,success,,0.6843325759383926,0.8772842134828748,-0.21141348079074662,240.67432582083882,0.36671742099406696,0.0002640967951801354
OrdinaryKriging,Organic_Carbon,linear,4,Nedumangad,3909,1200,999,48,success,,0.9381637905440098,1.138793494828045,-0.2416418836115073,163.91976963626564,0.49934455321259424,-0.0029118645601238224
OrdinaryKriging,Ca,spherical,1,Pampady,3052,1200,1856,48,success,,308.5666005136851,356.1482094544689,-0.30530892286801636,433.1603980739285,169.78813957755884,-0.008643811171080262
OrdinaryKriging,Ca,spherical,2,Vazhoor,3857,1200,1051,48,success,,369.9997514441078,449.44723294789543,-0.6702832823698683,82.55616968761743,-272.9571523881411,-0.0542251855781366
OrdinaryKriging,Ca,spherical,3,Chelannur,3906,1200,1002,48,success,,135.40650696864395,190.51617936396678,-0.015505312681170835,43.726772301435126,-23.541331772794305,-4.440892098500626e-16
OrdinaryKriging,Ca,spherical,4,Nedumangad,3909,1200,999,48,success,,204.23681802018197,240.41506570255814,-0.00040999625507809334,49.29652535423586,1.4417678374987775,-0.00037401756642596595
OrdinaryKriging,Ca,exponential,1,Pampady,3052,1200,1856,48,success,,308.589303742159,356.3457879545101,-0.30675760355441883,433.70864140318173,170.53742798659508,-0.0074683013017950994
OrdinaryKriging,Ca,exponential,2,Vazhoor,3857,1200,1051,48,success,,369.08219987458205,448.1677687394736,-0.6607870582444852,83.14070550144092,-269.7857865922278,-0.05896120058639576
OrdinaryKriging,Ca,exponential,3,Chelannur,3906,1200,1002,48,success,,135.3463541075817,192.48851487865738,-0.03664036681193816,42.18890353364774,-36.18850732462906,0.0
OrdinaryKriging,Ca,exponential,4,Nedumangad,3909,1200,999,48,success,,204.23681806546364,240.41506565806353,-0.00040999588477808047,49.29652526574714,1.4417664362599616,-0.0003740172660604557
OrdinaryKriging,Ca,gaussian,1,Pampady,3052,1200,1856,48,success,,308.49092655889433,355.7336715047577,-0.3022720681871609,431.95906208794383,168.09654075999313,-0.011488856677916992
OrdinaryKriging,Ca,gaussian,2,Vazhoor,3857,1200,1051,48,success,,367.9571391795054,446.5973779808705,-0.6491685732312202,83.9403349617079,-265.6310556684897,-0.06573635391896748
OrdinaryKriging,Ca,gaussian,3,Chelannur,3906,1200,1002,48,success,,138.24716554054922,189.1513671825539,-0.001007755224013307,48.05263117769498,6.001617217296899,0.0
OrdinaryKriging,Ca,gaussian,4,Nedumangad,3909,1200,999,48,success,,204.2368180671033,240.4150656558521,-0.00040999586637369134,49.296525261933496,1.441766376573791,-0.000374017250635017
OrdinaryKriging,Ca,linear,1,Pampady,3052,1200,1856,48,success,,308.54961528147646,356.03562803621514,-0.30448381523429924,432.8309141301715,169.29473281292962,-0.009540424348911003
OrdinaryKriging,Ca,linear,2,Vazhoor,3857,1200,1051,48,success,,368.0908677404421,446.7951662611529,-0.6506296585956977,83.81722485052457,-266.20917010275906,-0.06465513395699718
OrdinaryKriging,Ca,linear,3,Chelannur,3906,1200,1002,48,success,,135.3620162672152,192.2769649545546,-0.0343630290478627,42.356815681993716,-34.8726213212692,-0.00033884958491881
OrdinaryKriging,Ca,linear,4,Nedumangad,3909,1200,999,48,success,,204.23681806806806,240.41506565510468,-0.0004099958601535558,49.296525260251215,1.4417663496830015,-0.0003740172457569191
OrdinaryKriging,Mg,spherical,1,Pampady,3052,1200,1856,48,success,,85.84433504717671,108.34573339515022,-0.022458230204111418,190.17237506155988,33.79796363940566,0.0770371730477799
OrdinaryKriging,Mg,spherical,2,Vazhoor,3857,1200,1051,48,success,,116.65574619551472,143.09764365876003,-0.39135708329530017,49.41010351388995,-85.93860561393728,0.11046554888000715
OrdinaryKriging,Mg,spherical,3,Chelannur,3906,1200,1002,48,success,,49.823897236681155,72.88490569052182,-0.015408083112401938,69.11813664752933,8.978247933492318,0.0
OrdinaryKriging,Mg,spherical,4,Nedumangad,3909,1200,999,48,success,,113.59977293179334,133.96834543122108,-0.8054420548799712,93.47105227174838,89.69778774780754,0.003919611383098487
OrdinaryKriging,Mg,exponential,1,Pampady,3052,1200,1856,48,success,,85.52539344986367,108.12095721680208,-0.018220207212988004,189.61534687007654,33.09152787228681,0.07715941253795078
OrdinaryKriging,Mg,exponential,2,Vazhoor,3857,1200,1051,48,success,,116.9649579541369,143.53134805799678,-0.3998037932552492,49.36024248682401,-86.70445347092026,0.11100274623221262
OrdinaryKriging,Mg,exponential,3,Chelannur,3906,1200,1002,48,success,,57.86888604811968,76.03776947608851,-0.10515746394766312,83.84702262740696,23.45510275692214,2.220446049250313e-16
OrdinaryKriging,Mg,exponential,4,Nedumangad,3909,1200,999,48,success,,113.60119977995609,133.96974891319817,-0.8054798834976109,93.47211923836018,89.69854841763052,0.0038955101855284724
OrdinaryKriging,Mg,gaussian,1,Pampady,3052,1200,1856,48,success,,86.59596469790284,108.85208516937739,-0.03203744127871455,191.46399851844697,35.398334849100344,0.07710347964546571
OrdinaryKriging,Mg,gaussian,2,Vazhoor,3857,1200,1051,48,success,,115.01761329513678,140.8309465140441,-0.3476274070544758,49.608283747756694,-82.05257967990705,0.10983785113790667
OrdinaryKriging,Mg,gaussian,3,Chelannur,3906,1200,1002,48,success,,46.162351479037916,72.32989092613572,-2.404584522386344e-06,60.99086086162637,-0.11215982208693753,2.220446049250313e-16
OrdinaryKriging,Mg,gaussian,4,Nedumangad,3909,1200,999,48,success,,113.59977293179331,133.96834543122108,-0.8054420548799712,93.47105227174836,89.69778774780754,0.003919611383098376
OrdinaryKriging,Mg,linear,1,Pampady,3052,1200,1856,48,success,,85.85556833559406,108.35347116687102,-0.022604278057452687,190.1928864546463,33.82345497924096,0.07704126605059292
OrdinaryKriging,Mg,linear,2,Vazhoor,3857,1200,1051,48,success,,115.6084679562916,141.63804228524072,-0.3631180514904808,49.53623286570867,-83.44715047509173,0.11002956942203446
OrdinaryKriging,Mg,linear,3,Chelannur,3906,1200,1002,48,success,,64.58808276521232,79.79593301490495,-0.21710189360506904,95.04207823141093,33.70148934629149,0.0
OrdinaryKriging,Mg,linear,4,Nedumangad,3909,1200,999,48,success,,112.24890668750196,132.65089527865854,-0.7701070751535251,92.46833260270407,87.78146764505573,0.005041302528905334
OrdinaryKriging,S,spherical,1,Pampady,3052,1200,1856,48,success,,21.448394855706646,32.21117245315868,-0.05827512697016202,476.28295911454944,-4.049544487865076,-0.04154890438843406
OrdinaryKriging,S,spherical,2,Vazhoor,3857,1200,1051,48,success,,18.684596260211173,26.108522542065963,-0.2879682932453296,164.83407252024261,-8.189610167966048,-0.16124191055015302
OrdinaryKriging,S,spherical,3,Chelannur,3906,1200,1002,48,success,,6.632453659470158,18.03217686808433,-0.0009104216219948391,129.4025906951317,0.5438408607313909,2.220446049250313e-16
OrdinaryKriging,S,spherical,4,Nedumangad,3909,1200,999,48,success,,16.9387092445412,23.443974547402544,0.002975022015607509,88.95481871856445,1.0946379634603893,0.005148646753560526
OrdinaryKriging,S,exponential,1,Pampady,3052,1200,1856,48,success,,21.17805407865229,32.264180409554015,-0.06176107021353472,456.9530523631615,-4.966349939625953,-0.036603994424225794
OrdinaryKriging,S,exponential,2,Vazhoor,3857,1200,1051,48,success,,18.68459626020255,26.10852254206948,-0.2879682932456771,164.8340725200248,-8.189610168016808,-0.16124191054892956
OrdinaryKriging,S,exponential,3,Chelannur,3906,1200,1002,48,success,,6.7611366469824175,18.046941362890852,-0.002550155616861449,134.04815583416553,0.9101938450386462,2.220446049250313e-16
OrdinaryKriging,S,exponential,4,Nedumangad,3909,1200,999,48,success,,16.938709244525914,23.443974547401595,0.0029750220156883334,88.95481871839922,1.0946379634205097,0.005148646753483033
OrdinaryKriging,S,gaussian,1,Pampady,3052,1200,1856,48,success,,21.02881473828507,32.315372650625775,-0.0651330479636052,446.1587215654728,-5.487000789350649,-0.03442476256266436
OrdinaryKriging,S,gaussian,2,Vazhoor,3857,1200,1051,48,success,,18.684596260209393,26.108522542071178,-0.2879682932458447,164.83407252009508,-8.189610168001876,-0.16124191054955928
OrdinaryKriging,S,gaussian,3,Chelannur,3906,1200,1002,48,success,,6.62698151112344,18.03160884386184,-0.0008473640761985646,129.1690945598628,0.5246692081320441,0.0
OrdinaryKriging,S,gaussian,4,Nedumangad,3909,1200,999,48,success,,16.938709244544967,23.443974547402775,0.002975022015587858,88.95481871860513,1.0946379634702106,0.005148646753579955
OrdinaryKriging,S,linear,1,Pampady,3052,1200,1856,48,success,,21.041118352850443,32.31084581801815,-0.06483465491410545,447.03904465038687,-5.4448018723680685,-0.03459689007978706
OrdinaryKriging,S,linear,2,Vazhoor,3857,1200,1051,48,success,,18.684596260212423,26.108522542065174,-0.2879682932452521,164.8340725202807,-8.189610167957115,-0.1612419105503522
OrdinaryKriging,S,linear,3,Chelannur,3906,1200,1002,48,success,,6.626981511128371,18.031608843862344,-0.0008473640762542978,129.1690945600732,0.5246692081493218,2.220446049250313e-16
OrdinaryKriging,S,linear,4,Nedumangad,3909,1200,999,48,success,,14.994487687406606,24.24996466897573,-0.0667576760569013,60.75797969985558,-6.332551017301049,0.005986955877559708
OrdinaryKriging,Fe,spherical,1,Pampady,3052,1200,1856,48,success,,29.113262578682296,30.345908217768482,-17.699416517086753,584.7157872300002,29.1113315118157,-0.4905638947706701
OrdinaryKriging,Fe,spherical,2,Vazhoor,3857,1200,1051,48,success,,32.55656410751298,45.04949356509504,-0.9968419606416714,56.72234768700704,-32.19708523818284,0.02315054919234727
OrdinaryKriging,Fe,spherical,3,Chelannur,3906,1200,1002,48,success,,30.64193995858575,45.356014077906174,-0.7967457519100365,58.496009955101954,-30.203094838858267,0.0
OrdinaryKriging,Fe,spherical,4,Nedumangad,3909,1200,999,48,success,,33.6321074130542,46.209224910665334,-0.11220511563984292,163.98994338225236,-13.10731145976106,-0.022719184975628748
OrdinaryKriging,Fe,exponential,1,Pampady,3052,1200,1856,48,success,,28.182980766649962,29.74484292532645,-16.96598923764303,572.4602668022223,28.178593561400586,-0.8422264051791608
OrdinaryKriging,Fe,exponential,2,Vazhoor,3857,1200,1051,48,success,,32.52620747031512,45.03252962279327,-0.9953383728660516,56.63870525424163,-32.15136421294758,0.021759341294961487
OrdinaryKriging,Fe,exponential,3,Chelannur,3906,1200,1002,48,success,,31.659924181211633,46.12806452532207,-0.8584347989252488,61.28401138526661,-31.350554327926943,-4.361640826289204e-09
OrdinaryKriging,Fe,exponential,4,Nedumangad,3909,1200,999,48,success,,33.68954469287078,46.175103433199915,-0.1105631893598491,164.53757258248942,-12.864618770074406,-0.024360391441488938
OrdinaryKriging,Fe,gaussian,1,Pampady,3052,1200,1856,48,success,,30.221810376284985,31.183853916912305,-18.746373620478327,601.6124987308044,30.221810376284985,-0.19958475372789253
OrdinaryKriging,Fe,gaussian,2,Vazhoor,3857,1200,1051,48,success,,32.73084383026236,45.13005607434347,-1.0039902959288503,57.36509453375713,-32.42714751830783,0.03063087867248382
OrdinaryKriging,Fe,gaussian,3,Chelannur,3906,1200,1002,48,success,,30.629815520094965,45.34661477539513,-0.7960011359069838,58.464979221581046,-30.188978061503303,0.0
OrdinaryKriging,Fe,gaussian,4,Nedumangad,3909,1200,999,48,success,,33.60702730900235,46.31760687807948,-0.11742850310433561,163.1368848206059,-13.435957131895258,-0.02339887044709954
OrdinaryKriging,Fe,linear,1,Pampady,3052,1200,1856,48,success,,30.355802710263735,31.298800616729135,-18.89221600431001,603.9681937061831,30.355802710263735,-0.18060335199536803
OrdinaryKriging,Fe,linear,2,Vazhoor,3857,1200,1051,48,success,,32.69530613996086,45.118583995821915,-1.002971595133611,57.20252449597359,-32.384443539837605,0.02892634592044907
OrdinaryKriging,Fe,linear,3,Chelannur,3906,1200,1002,48,success,,30.293412655594025,45.08183996850303,-0.7750889884076988,57.64511894606371,-29.786988889676607,-0.00014543337246886168
OrdinaryKriging,Fe,linear,4,Nedumangad,3909,1200,999,48,success,,33.52457286355717,46.46617370219179,-0.12460845317845459,160.98193485557078,-14.01433068350267,-0.022309252045521255
OrdinaryKriging,Mn,spherical,1,Pampady,3052,1200,1856,48,success,,33.111282718664235,33.91760809734535,-32.92777795000897,568.1374524755745,33.111282718664235,-0.593959724138768
OrdinaryKriging,Mn,spherical,2,Vazhoor,3857,1200,1051,48,success,,32.868947631370425,41.92159350735647,-1.4315750357655292,67.10918380947479,-32.59811099661588,0.0386945698675909
OrdinaryKriging,Mn,spherical,3,Chelannur,3906,1200,1002,48,success,,12.855605410812366,19.719690663968898,-0.49377840976392906,65.95632473832744,-11.337650297315625,0.0
OrdinaryKriging,Mn,spherical,4,Nedumangad,3909,1200,999,48,success,,20.63038081780919,23.91359209690719,-0.3017282268656598,178.6914906040953,11.377715652889991,-0.007054890795629154
OrdinaryKriging,Mn,exponential,1,Pampady,3052,1200,1856,48,success,,31.275597439865372,33.82335590058259,-32.73947902729044,535.0988905068308,31.275597439865372,-3.891445736742604
OrdinaryKriging,Mn,exponential,2,Vazhoor,3857,1200,1051,48,success,,32.82079768491101,41.886942037636004,-1.4275569239087895,67.00455429210605,-32.54511959898854,0.037936434730937996
OrdinaryKriging,Mn,exponential,3,Chelannur,3906,1200,1002,48,success,,12.850226476776108,19.715010894234712,-0.49306950315556963,65.95623321559427,-11.329508768759236,0.0
OrdinaryKriging,Mn,exponential,4,Nedumangad,3909,1200,999,48,success,,20.63038081798212,23.913592097025543,-0.30172822687854484,178.69149060584178,11.377715653157377,-0.007054890794664148
OrdinaryKriging,Mn,gaussian,1,Pampady,3052,1200,1856,48,success,,33.777356770191844,34.40510504933433,-33.910073078760135,579.3877242745043,33.777356770191844,-0.26230176747726075
OrdinaryKriging,Mn,gaussian,2,Vazhoor,3857,1200,1051,48,success,,33.09421830978222,42.08085945659424,-1.4500859135486328,67.628318185289,-32.839563244591616,0.04204475224892534
OrdinaryKriging,Mn,gaussian,3,Chelannur,3906,1200,1002,48,success,,12.850226464197279,19.715010883293537,-0.49306950149836126,65.95623321538022,-11.329508749719977,0.0
OrdinaryKriging,Mn,gaussian,4,Nedumangad,3909,1200,999,48,success,,19.852550165810776,23.388560666483237,-0.24519589533089858,170.82128965378655,10.198276172976124,-0.008449036516769093
OrdinaryKriging,Mn,linear,1,Pampady,3052,1200,1856,48,success,,34.67184490243109,35.19403423870333,-35.52944600827909,596.0290990662511,34.67184490243109,-0.07596491110683634
OrdinaryKriging,Mn,linear,2,Vazhoor,3857,1200,1051,48,success,,33.02821493720013,42.039156020426645,-1.4452320977030593,67.47143615380945,-32.77155956310909,0.040725202383556924
OrdinaryKriging,Mn,linear,3,Chelannur,3906,1200,1002,48,success,,12.850226464198856,19.715010883294912,-0.49306950149856954,65.95623321538028,-11.329508749722367,-2.220446049250313e-16
OrdinaryKriging,Mn,linear,4,Nedumangad,3909,1200,999,48,success,,20.630380817705426,23.91359209683629,-0.3017282268579409,178.69149060304866,11.377715652729579,-0.0070548907962193486
OrdinaryKriging,Zn,spherical,1,Pampady,3052,1200,1856,48,success,,7.399817817985112,7.505691560394751,-273.8084335606995,2061.7523870898863,7.399817817985112,-6.6981029791775395
OrdinaryKriging,Zn,spherical,2,Vazhoor,3857,1200,1051,48,success,,5.677837819455961,7.129590416836001,-1.8038938020960193,80.52709545282592,-5.6768778339627035,-0.026222361863739607
OrdinaryKriging,Zn,spherical,3,Chelannur,3906,1200,1002,48,success,,3.409859095783336,4.788000482781454,-1.0161479620333278,67.15150364886382,-3.3991588470040712,-2.220446049250313e-16
OrdinaryKriging,Zn,spherical,4,Nedumangad,3909,1200,999,48,success,,3.427256565588562,4.26938636056827,-0.001952783229499211,114.84116603923052,0.04142231305818994,-0.0018584673035910715
OrdinaryKriging,Zn,exponential,1,Pampady,3052,1200,1856,48,success,,7.253320537873967,7.348095137955834,-262.38932591059046,2023.4773254648676,7.253320537873967,-5.7504939881175625
OrdinaryKriging,Zn,exponential,2,Vazhoor,3857,1200,1051,48,success,,5.551136401074199,7.0452409755899845,-1.737941112621503,77.55929454989746,-5.548235842650165,-0.03992336254993489
OrdinaryKriging,Zn,exponential,3,Chelannur,3906,1200,1002,48,success,,3.413049055253892,4.7903966763590216,-1.018166462111664,67.25232009216249,-3.4025315298242247,-1.033314352305581e-06
OrdinaryKriging,Zn,exponential,4,Nedumangad,3909,1200,999,48,success,,3.422662667648853,4.268443740114107,-0.0015103979094790443,114.15952687084956,0.006812531655025321,-0.0015078467746851842
OrdinaryKriging,Zn,gaussian,1,Pampady,3052,1200,1856,48,success,,7.396904933845958,7.5023917039382795,-273.5668491486058,2060.9947443348597,7.396904933845958,-6.666769231462925
OrdinaryKriging,Zn,gaussian,2,Vazhoor,3857,1200,1051,48,success,,5.589655969293942,7.076102236591803,-1.7619804268567432,78.36130509593671,-5.587306427536992,-0.03996364715167777
OrdinaryKriging,Zn,gaussian,3,Chelannur,3906,1200,1002,48,success,,3.3751085625815382,4.761943906843553,-0.9942636842994368,66.05742722432109,-3.3623566164187655,0.0
OrdinaryKriging,Zn,gaussian,4,Nedumangad,3909,1200,999,48,success,,3.426894130046874,4.268967423756484,-0.0017561581060123732,114.83133603472801,0.0407690184097353,-0.0016647937390157352
OrdinaryKriging,Zn,linear,1,Pampady,3052,1200,1856,48,success,,7.328841557389579,7.432042483835552,-268.44181586538076,2042.8177054445846,7.328841557389579,-6.430954363226913
OrdinaryKriging,Zn,linear,2,Vazhoor,3857,1200,1051,48,success,,5.7159973423507875,7.1500398279405335,-1.8200013772509824,81.54258330882956,-5.7151526309360765,-0.018278200816966406
OrdinaryKriging,Zn,linear,3,Chelannur,3906,1200,1002,48,success,,3.394845570325457,4.776723609691926,-1.0066621356911818,66.67891200702277,-3.3832720946912365,9.61942428556739e-06
OrdinaryKriging,Zn,linear,4,Nedumangad,3909,1200,999,48,success,,3.4256185338104967,4.269032774637893,-0.0017868288244675679,114.62159892647614,0.029754348294431337,-0.0017381637688340668
OrdinaryKriging,Cu,spherical,1,Pampady,3052,1200,1856,48,success,,3.928434064941106,4.061161755262356,-11.83219403321152,5559.53753001452,3.881167223415295,-0.11226309133899903
OrdinaryKriging,Cu,spherical,2,Vazhoor,3857,1200,1051,48,success,,2.4275819992909264,3.225227215109573,-1.4614945224542248,70.48632952204574,-2.344640203891324,-0.1606342304239501
OrdinaryKriging,Cu,spherical,3,Chelannur,3906,1200,1002,48,success,,1.553842565267044,2.285395157401131,-0.6161230133723639,49.82515155084441,-1.4111000619092684,-4.440892098500626e-16
OrdinaryKriging,Cu,spherical,4,Nedumangad,3909,1200,999,48,success,,1.5468343031343128,1.952932017829312,-0.08934412690545779,114.27951186215563,0.5723343301692247,0.004215921697971248
OrdinaryKriging,Cu,exponential,1,Pampady,3052,1200,1856,48,success,,3.9080928814691496,4.0379209759238215,-11.685744879958557,5528.063965290166,3.8576594688279027,-0.10735635644921349
OrdinaryKriging,Cu,exponential,2,Vazhoor,3857,1200,1051,48,success,,2.3969892566361373,3.124713058863689,-1.310460387021756,78.4928970345589,-1.790707166391189,-0.551660276664707
OrdinaryKriging,Cu,exponential,3,Chelannur,3906,1200,1002,48,success,,1.4312980021891668,2.157840489865559,-0.44075615945270497,48.69580386117162,-1.193502383303458,-2.220446049250313e-16
OrdinaryKriging,Cu,exponential,4,Nedumangad,3909,1200,999,48,success,,1.893091636214666,2.2064515298613334,-0.3905276470919008,141.63850033386643,1.1283421196626195,-0.026886980401950256
OrdinaryKriging,Cu,gaussian,1,Pampady,3052,1200,1856,48,success,,3.8467585737461145,3.9990127786741985,-11.442450632732179,5542.986307238836,3.8180002583217423,-0.10090487312583951
OrdinaryKriging,Cu,gaussian,2,Vazhoor,3857,1200,1051,48,success,,2.698716481833495,3.4249838372669017,-1.7758455295254967,78.55735902762088,-2.697373299616013,-0.05413414737087785
OrdinaryKriging,Cu,gaussian,3,Chelannur,3906,1200,1002,48,success,,1.6406862578070258,2.368119147320593,-0.7352374319693513,51.47779587280129,-1.5414800210039092,-2.220446049250313e-16
OrdinaryKriging,Cu,gaussian,4,Nedumangad,3909,1200,999,48,success,,1.5480020014495246,1.9537540263333568,-0.0902613514477395,114.01590311149536,0.5730712859368583,0.003539794027411003
OrdinaryKriging,Cu,linear,1,Pampady,3052,1200,1856,48,success,,3.858794949391385,3.9819153745094673,-11.336285007503772,5452.570051131129,3.8003552047041196,-0.09932789790077745
OrdinaryKriging,Cu,linear,2,Vazhoor,3857,1200,1051,48,success,,2.8214675809785876,3.5041379670879675,-1.9056321776932208,83.82636127357675,-2.8214675809785876,-0.02186003112038515
OrdinaryKriging,Cu,linear,3,Chelannur,3906,1200,1002,48,success,,1.5644948651251858,2.2958282052048693,-0.6309122062547374,49.99450053821827,-1.4279354001713072,1.1712852909795402e-13
OrdinaryKriging,Cu,linear,4,Nedumangad,3909,1200,999,48,success,,1.424081942775539,1.895561019487811,-0.026281224106908585,103.47031941401339,0.32761972370721115,0.0043758655872417895
OrdinaryKriging,B,spherical,1,Pampady,3052,1200,1856,48,success,,0.8930483584789447,1.0922543702438108,-0.18306295831696384,1783.046604262678,0.4588834692038201,0.025753680370749543
OrdinaryKriging,B,spherical,2,Vazhoor,3857,1200,1051,48,success,,0.7225356084362137,1.0188239380861939,-1.9318211079917744,205.2860556528509,0.19152459928208157,-1.828214295900973
OrdinaryKriging,B,spherical,3,Chelannur,3906,1200,1002,48,success,,1.0955687922794444,1.1044895579848448,-54.34746259472749,1624.0544926338878,1.0944662978387762,0.0
OrdinaryKriging,B,spherical,4,Nedumangad,3909,1200,999,48,success,,0.17866719823364624,0.30419113136601567,-0.13954719825541062,51.06197644688122,-0.10270021944021057,-0.009655329650206879
OrdinaryKriging,B,exponential,1,Pampady,3052,1200,1856,48,success,,0.9438051237734278,1.1203718518826415,-0.2447572169679948,1943.2181892234353,0.5239479905730945,0.027473190327732544
OrdinaryKriging,B,exponential,2,Vazhoor,3857,1200,1051,48,success,,0.4335192598970633,0.6574477739747444,-0.22084830552311296,88.98793339327028,-0.2604367020549128,-0.029271220619583982
OrdinaryKriging,B,exponential,3,Chelannur,3906,1200,1002,48,success,,1.1991209125857125,1.207675187822787,-65.17207815695745,1764.2464348471258,1.1985151866748134,1.1102230246251565e-16
OrdinaryKriging,B,exponential,4,Nedumangad,3909,1200,999,48,success,,0.1658346736227867,0.2906201643111424,-0.04013739255516491,48.16203081794429,-0.06742259084526007,0.01584482474522242
OrdinaryKriging,B,gaussian,1,Pampady,3052,1200,1856,48,success,,0.5905659507000501,0.9856864486965855,0.03653077625831147,909.8846061139907,0.11734833814989039,0.05018648238127488
OrdinaryKriging,B,gaussian,2,Vazhoor,3857,1200,1051,48,success,,0.43375999156263045,0.6763498769630294,-0.2920580224818141,84.38304447179613,-0.29148539179574806,-0.052079279050121885
OrdinaryKriging,B,gaussian,3,Chelannur,3906,1200,1002,48,success,,0.6731838839923636,0.6857990740271096,-20.33871561510981,1051.558112951397,0.669536902152376,7.105427357601002e-15
OrdinaryKriging,B,gaussian,4,Nedumangad,3909,1200,999,48,success,,0.2378861702429576,0.35660946242491653,-0.5661196797618291,59.723672994348235,-0.19766585202680323,-0.08494527359510151
OrdinaryKriging,B,linear,1,Pampady,3052,1200,1856,48,success,,0.9370451014757419,1.1169450256224875,-0.2371543067878812,1925.726023339514,0.5158466448527469,0.026722667134945755
OrdinaryKriging,B,linear,2,Vazhoor,3857,1200,1051,48,success,,0.430050547719583,0.6854408690512385,-0.3270252214454521,80.50681955715335,-0.31627973368360024,-0.0444839370161525
OrdinaryKriging,B,linear,3,Chelannur,3906,1200,1002,48,success,,1.0670446611297644,1.0760609242278318,-51.534936109383324,1585.3931638401953,1.0657703345737368,-4.440892098500626e-16
OrdinaryKriging,B,linear,4,Nedumangad,3909,1200,999,48,success,,0.17144241060195894,0.29916057746011937,-0.10216837924618205,49.62307570810973,-0.09056239079193014,-0.0011652150044709764
